,,,,
, üìä Descripci√≥n del analisis ,,,
,"Mi trabajo consistio en la limpieza, integraci√≥n y an√°lisis de la informaci√≥n de ventas para evaluar el desempe√±o de los departamentos dentro de las tiendas. El proceso inici√≥ con la consolidaci√≥n de tres fuentes de datos brutos: raw_ventas (transacciones semanales), raw_tiendas (datos de tama√±o y tipo) y raw_departamento (nombres de los departamentos).",,,
,"Una vez integradas y limpias, se gener√≥ la tabla Clean_ventas, donde se aplicaron controles de calidad, como la verificaci√≥n de tiendas sin asignaci√≥n departamental y la ausencia de valores de venta negativos o nulos.",,,
,"El an√°lisis se enfoc√≥ en el c√°lculo de tres indicadores clave de rendimiento (KPIs) para el a√±o 2012, cuyos resultados se concentraron en las tablas din√°micas (Pivot):",,,
,1. Ventas por metro cuadrado: Para medir la eficiencia del uso del espacio de cada departamento.,,,
,,,,
,2. Participaci√≥n por departamento: Para cuantificar la contribuci√≥n de cada √°rea a las ventas totales.,,,
,,,,
,3. Volatilidad (Coeficiente de Variaci√≥n): Para determinar la estabilidad o dispersi√≥n de las ventas semanales.,,,
,,,,
,"Finalmente, los resultados se visualizaron en un Dashboard interactivo (filtrable por departamento) y los hallazgos fueron traducidos a implicaciones de negocio en la hoja Resumen, cumpliendo con el objetivo de transformar datos transaccionales en inteligencia procesable",,,
,,,,
,,,,
,,,,
,üìë Tablas Incluidas,,,
,Hoja,Descripci√≥n,Tipo de hoja,
,raw_ventas,"Datos originales de ventas, por semana, tienda y departamento.",Raw Data,
,raw_tiendas,"Relaci√≥n entre tienda, tipo de tienda y tama√±o",Raw Data,
,raw_departamento,Datos del numero y nombre de los departamentos ,Raw Data,
,Clean_ventas,Todos los datos limpios y ordenados (inluyen la informacion completa),Raw Data,
,Pivot,"Tablas que muestran ventas por metro cuadrado, participacion de cada departamento y la volatilidad de las ventas.",Pivot,
,Dashboard,Men√∫ deplegable y graficos donde se observan los KPIs,Dashboard,
,Resumen,Respuesta a cada pregunta de negocio y la recomendaci√≥n,Pivot,
,,,,
,,,,
,üìä KPIs y F√≥rmulas,,,
,KPI,Descripci√≥n,F√≥rmula en Sheets,Interpretaci√≥n
,Ventas por metro cuadrado ,Se realizo el analisis de la suma de ventas totales por departamento del a√±o 2012 y seobtuvo el promedio por departamento,SUMA(ventas_semanales) / PROMEDIO(tama√±o),Relacion entre la venta total y el promedio de casa uno de los departamentos 
,Participaci√≥n por departamento,Porcentaje de la aportacion en ventas de cada departamento,(Total de ventas del departamento / Total de ventas ) 100,Es la suma de ventas semanales por departamento en el 2012 mostradas como un % del total.
,Volatilidad,"Se analiza la desviaci√≥n est√°ndar de las ventas semanales, es decir, cu√°nto var√≠an respecto al promedio.",DESVEST(ventas_semanales) / PROMEDIO(ventas_semanales),Si la desviaci√≥n es alta ‚Üí los valores son muy dispersos/inestables.
,,,,Si la desviaci√≥n es baja ‚Üí los valores son consistentes/estables.
,,,,
,‚úÖ QA / Validaciones,,,
,Chequeo,C√≥mo verificar,Formula,Resultado
,¬øExisten tiendas sin departamento asignado?,Filtrar columna Dept = vac√≠o.,"BUSCARX(B:B;raw_departamento!A:A;raw_departamento!B:B;""No encontrado"")","La tienda sin departamento asignado aparecera como ""No encontrado"""
,¬øVentas totales en Pivot = Ventas totales en Raw Data?,Comparar SUMAS.,,
,¬øVentas negativas o nulas?,Buscar valores < 0.,,
,¬øTama√±os en m¬≤ = 0?,Revisar que no sean 0 ,,
,¬øCV razonable (< 2.0)?,Revisar si el valor m√°ximo es mayor a 2,,
,,,,
,,,,
,,,,
,üìùNotas Finales,,,
,"No entendi esta ultima parte de las visualizaciones, segun yo no se usaron formulas para todo eso, sino tablas y graficos tambien. ",,,